"","county","inflow","year"
"1","Adams",29168,1996
"2","Alamosa",899,1996
"3","Arapahoe",43019,1996
"4","Archuleta",944,1996
"5","Baca",254,1996
"6","Bent",279,1996
"7","Boulder",20569,1996
"8","Chaffee",1260,1996
"9","Cheyenne",156,1996
"10","Clear Creek",1819,1996
"11","Conejos",315,1996
"12","Costilla",278,1996
"13","Crowley",275,1996
"14","Custer",371,1996
"15","Delta",1715,1996
"16","Denver",39885,1996
"17","Dolores",165,1996
"18","Douglas",16936,1996
"19","Eagle",3560,1996
"20","Elbert",2035,1996
"21","El Paso",42345,1996
"22","Fremont",2677,1996
"23","Garfield",2885,1996
"24","Gilpin",902,1996
"25","Grand",1121,1996
"26","Gunnison",1175,1996
"27","Hinsdale",60,1996
"28","Huerfano",517,1996
"29","Jackson",80,1996
"30","Jefferson",34930,1996
"31","Kiowa",109,1996
"32","Kit Carson",350,1996
"33","Lake",472,1996
"34","La Plata",2898,1996
"35","Larimer",14743,1996
"36","Las Animas",802,1996
"37","Lincoln",369,1996
"38","Logan",1087,1996
"39","Mesa",6273,1996
"40","Mineral",57,1996
"41","Moffat",834,1996
"42","Montezuma",1515,1996
"43","Montrose",2072,1996
"44","Morgan",1733,1996
"45","Otero",995,1996
"46","Ouray",330,1996
"47","Park",1777,1996
"48","Phillips",245,1996
"49","Pitkin",1045,1996
"50","Prowers",759,1996
"51","Pueblo",4936,1996
"52","Rio Blanco",431,1996
"53","Rio Grande",898,1996
"54","Routt",1489,1996
"55","Saguache",225,1996
"56","San Juan",75,1996
"57","San Miguel",666,1996
"58","Sedgwick",203,1996
"59","Summit",2691,1996
"60","Teller",2346,1996
"61","Washington",266,1996
"62","Weld",9600,1996
"63","Yuma",576,1996
"64","Adams",29444,1997
"65","Alamosa",917,1997
"66","Arapahoe",44703,1997
"67","Archuleta",847,1997
"68","Baca",160,1997
"69","Bent",332,1997
"70","Boulder",20909,1997
"71","Chaffee",1137,1997
"72","Cheyenne",116,1997
"73","Clear Creek",1963,1997
"74","Conejos",312,1997
"75","Costilla",226,1997
"76","Crowley",239,1997
"77","Custer",364,1997
"78","Delta",1560,1997
"79","Denver",41240,1997
"80","Dolores",158,1997
"81","Douglas",20360,1997
"82","Eagle",3733,1997
"83","Elbert",1868,1997
"84","El Paso",39481,1997
"85","Fremont",2654,1997
"86","Garfield",2951,1997
"87","Gilpin",1009,1997
"88","Grand",1038,1997
"89","Gunnison",1133,1997
"90","Hinsdale",91,1997
"91","Huerfano",507,1997
"92","Jackson",124,1997
"93","Jefferson",35195,1997
"94","Kiowa",107,1997
"95","Kit Carson",363,1997
"96","Lake",550,1997
"97","La Plata",2783,1997
"98","Larimer",15195,1997
"99","Las Animas",721,1997
"100","Lincoln",324,1997
"101","Logan",1016,1997
"102","Mesa",6420,1997
"103","Mineral",55,1997
"104","Moffat",949,1997
"105","Montezuma",1347,1997
"106","Montrose",2074,1997
"107","Morgan",1585,1997
"108","Otero",1169,1997
"109","Ouray",297,1997
"110","Park",1791,1997
"111","Phillips",214,1997
"112","Pitkin",1189,1997
"113","Prowers",726,1997
"114","Pueblo",5242,1997
"115","Rio Blanco",431,1997
"116","Rio Grande",884,1997
"117","Routt",1447,1997
"118","Saguache",192,1997
"119","San Juan",49,1997
"120","San Miguel",611,1997
"121","Sedgwick",139,1997
"122","Summit",2726,1997
"123","Teller",2302,1997
"124","Washington",238,1997
"125","Weld",10187,1997
"126","Yuma",626,1997
"127","Adams",30923,1998
"128","Alamosa",865,1998
"129","Arapahoe",46553,1998
"130","Archuleta",858,1998
"131","Baca",216,1998
"132","Bent",389,1998
"133","Boulder",21905,1998
"134","Chaffee",994,1998
"135","Cheyenne",207,1998
"136","Clear Creek",1967,1998
"137","Conejos",328,1998
"138","Costilla",243,1998
"139","Crowley",261,1998
"140","Custer",360,1998
"141","Delta",1838,1998
"142","Denver",41785,1998
"143","Dolores",194,1998
"144","Douglas",21810,1998
"145","Eagle",4089,1998
"146","Elbert",1882,1998
"147","El Paso",41121,1998
"148","Fremont",2573,1998
"149","Garfield",3264,1998
"150","Gilpin",974,1998
"151","Grand",999,1998
"152","Gunnison",1144,1998
"153","Hinsdale",74,1998
"154","Huerfano",495,1998
"155","Jackson",127,1998
"156","Jefferson",36433,1998
"157","Kiowa",113,1998
"158","Kit Carson",423,1998
"159","Lake",534,1998
"160","La Plata",2644,1998
"161","Larimer",16390,1998
"162","Las Animas",737,1998
"163","Lincoln",326,1998
"164","Logan",820,1998
"165","Mesa",6464,1998
"166","Mineral",67,1998
"167","Moffat",890,1998
"168","Montezuma",1267,1998
"169","Montrose",1989,1998
"170","Morgan",1308,1998
"171","Otero",860,1998
"172","Ouray",284,1998
"173","Park",1820,1998
"174","Phillips",229,1998
"175","Pitkin",1095,1998
"176","Prowers",658,1998
"177","Pueblo",5700,1998
"178","Rio Blanco",417,1998
"179","Rio Grande",816,1998
"180","Routt",1402,1998
"181","Saguache",192,1998
"182","San Juan",50,1998
"183","San Miguel",627,1998
"184","Sedgwick",116,1998
"185","Summit",2553,1998
"186","Teller",2114,1998
"187","Washington",235,1998
"188","Weld",10188,1998
"189","Yuma",537,1998
"190","Adams",33031,1999
"191","Alamosa",938,1999
"192","Arapahoe",48286,1999
"193","Archuleta",846,1999
"194","Baca",223,1999
"195","Bent",354,1999
"196","Boulder",24170,1999
"197","Chaffee",1298,1999
"198","Cheyenne",102,1999
"199","Clear Creek",2006,1999
"200","Conejos",338,1999
"201","Costilla",202,1999
"202","Crowley",293,1999
"203","Custer",394,1999
"204","Delta",1863,1999
"205","Denver",45778,1999
"206","Dolores",149,1999
"207","Douglas",23757,1999
"208","Eagle",4026,1999
"209","Elbert",2056,1999
"210","El Paso",41450,1999
"211","Fremont",2556,1999
"212","Garfield",3399,1999
"213","Gilpin",1145,1999
"214","Grand",1195,1999
"215","Gunnison",1112,1999
"216","Hinsdale",59,1999
"217","Huerfano",472,1999
"218","Jackson",124,1999
"219","Jefferson",39704,1999
"220","Kiowa",89,1999
"221","Kit Carson",508,1999
"222","Lake",540,1999
"223","La Plata",2817,1999
"224","Larimer",17223,1999
"225","Las Animas",833,1999
"226","Lincoln",329,1999
"227","Logan",1082,1999
"228","Mesa",6717,1999
"229","Mineral",59,1999
"230","Moffat",947,1999
"231","Montezuma",1401,1999
"232","Montrose",2123,1999
"233","Morgan",1505,1999
"234","Otero",939,1999
"235","Ouray",326,1999
"236","Park",1849,1999
"237","Phillips",229,1999
"238","Pitkin",1094,1999
"239","Prowers",755,1999
"240","Pueblo",5788,1999
"241","Rio Blanco",434,1999
"242","Rio Grande",770,1999
"243","Routt",1667,1999
"244","Saguache",182,1999
"245","San Juan",62,1999
"246","San Miguel",569,1999
"247","Sedgwick",159,1999
"248","Summit",2866,1999
"249","Teller",2308,1999
"250","Washington",174,1999
"251","Weld",12460,1999
"252","Yuma",549,1999
"253","Adams",36065,2000
"254","Alamosa",963,2000
"255","Arapahoe",48847,2000
"256","Archuleta",935,2000
"257","Baca",180,2000
"258","Bent",325,2000
"259","Boulder",24228,2000
"260","Chaffee",1192,2000
"261","Cheyenne",102,2000
"262","Clear Creek",1838,2000
"263","Conejos",313,2000
"264","Costilla",240,2000
"265","Crowley",326,2000
"266","Custer",334,2000
"267","Delta",1603,2000
"268","Denver",49034,2000
"269","Dolores",147,2000
"270","Douglas",25073,2000
"271","Eagle",3889,2000
"272","Elbert",1947,2000
"273","El Paso",39927,2000
"274","Fremont",2622,2000
"275","Garfield",3364,2000
"276","Gilpin",1037,2000
"277","Grand",1063,2000
"278","Gunnison",1031,2000
"279","Hinsdale",59,2000
"280","Huerfano",404,2000
"281","Jackson",123,2000
"282","Jefferson",37874,2000
"283","Kiowa",81,2000
"284","Kit Carson",386,2000
"285","Lake",541,2000
"286","La Plata",3070,2000
"287","Larimer",17159,2000
"288","Las Animas",909,2000
"289","Lincoln",329,2000
"290","Logan",1351,2000
"291","Mesa",6660,2000
"292","Mineral",66,2000
"293","Moffat",781,2000
"294","Montezuma",1390,2000
"295","Montrose",2046,2000
"296","Morgan",1461,2000
"297","Otero",961,2000
"298","Ouray",376,2000
"299","Park",1970,2000
"300","Phillips",216,2000
"301","Pitkin",945,2000
"302","Prowers",601,2000
"303","Pueblo",5547,2000
"304","Rio Blanco",460,2000
"305","Rio Grande",837,2000
"306","Routt",1605,2000
"307","Saguache",210,2000
"308","San Juan",59,2000
"309","San Miguel",661,2000
"310","Sedgwick",176,2000
"311","Summit",2665,2000
"312","Teller",2206,2000
"313","Washington",250,2000
"314","Weld",13894,2000
"315","Yuma",520,2000
"316","Adams",35301,2001
"317","Alamosa",999,2001
"318","Arapahoe",49948,2001
"319","Archuleta",903,2001
"320","Baca",213,2001
"321","Bent",266,2001
"322","Boulder",23865,2001
"323","Chaffee",1143,2001
"324","Cheyenne",126,2001
"325","Clear Creek",2004,2001
"326","Conejos",342,2001
"327","Costilla",162,2001
"328","Crowley",265,2001
"329","Custer",356,2001
"330","Delta",1639,2001
"331","Denver",48736,2001
"332","Dolores",136,2001
"333","Douglas",26629,2001
"334","Eagle",4024,2001
"335","Elbert",2085,2001
"336","El Paso",45023,2001
"337","Fremont",2666,2001
"338","Garfield",3276,2001
"339","Gilpin",886,2001
"340","Grand",1080,2001
"341","Gunnison",1071,2001
"342","Hinsdale",68,2001
"343","Huerfano",447,2001
"344","Jackson",83,2001
"345","Jefferson",37521,2001
"346","Kiowa",82,2001
"347","Kit Carson",350,2001
"348","Lake",512,2001
"349","La Plata",3086,2001
"350","Larimer",18484,2001
"351","Las Animas",794,2001
"352","Lincoln",243,2001
"353","Logan",1302,2001
"354","Mesa",6433,2001
"355","Mineral",71,2001
"356","Moffat",762,2001
"357","Montezuma",1324,2001
"358","Montrose",2160,2001
"359","Morgan",1396,2001
"360","Otero",894,2001
"361","Ouray",271,2001
"362","Park",1818,2001
"363","Phillips",210,2001
"364","Pitkin",1020,2001
"365","Prowers",593,2001
"366","Pueblo",6189,2001
"367","Rio Blanco",410,2001
"368","Rio Grande",752,2001
"369","Routt",1558,2001
"370","Saguache",204,2001
"371","San Juan",71,2001
"372","San Miguel",684,2001
"373","Sedgwick",140,2001
"374","Summit",2807,2001
"375","Teller",2339,2001
"376","Washington",209,2001
"377","Weld",15858,2001
"378","Yuma",524,2001
"379","Adams",37016,2002
"380","Alamosa",991,2002
"381","Arapahoe",48112,2002
"382","Archuleta",997,2002
"383","Baca",165,2002
"384","Bent",306,2002
"385","Boulder",20804,2002
"386","Chaffee",1221,2002
"387","Cheyenne",110,2002
"388","Clear Creek",1842,2002
"389","Conejos",291,2002
"390","Costilla",224,2002
"391","Crowley",242,2002
"392","Custer",328,2002
"393","Delta",1884,2002
"394","Denver",45163,2002
"395","Dolores",145,2002
"396","Douglas",24668,2002
"397","Eagle",3923,2002
"398","Elbert",1911,2002
"399","El Paso",40805,2002
"400","Fremont",2722,2002
"401","Garfield",3308,2002
"402","Gilpin",868,2002
"403","Grand",1141,2002
"404","Gunnison",1069,2002
"405","Hinsdale",49,2002
"406","Huerfano",478,2002
"407","Jackson",104,2002
"408","Jefferson",38527,2002
"409","Kiowa",92,2002
"410","Kit Carson",416,2002
"411","Lake",436,2002
"412","La Plata",3036,2002
"413","Larimer",17445,2002
"414","Las Animas",863,2002
"415","Lincoln",254,2002
"416","Logan",1101,2002
"417","Mesa",6887,2002
"418","Mineral",73,2002
"419","Moffat",953,2002
"420","Montezuma",1441,2002
"421","Montrose",2349,2002
"422","Morgan",1413,2002
"423","Otero",822,2002
"424","Ouray",325,2002
"425","Park",1853,2002
"426","Phillips",311,2002
"427","Pitkin",1034,2002
"428","Prowers",583,2002
"429","Pueblo",6436,2002
"430","Rio Blanco",453,2002
"431","Rio Grande",807,2002
"432","Routt",1431,2002
"433","Saguache",201,2002
"434","San Juan",55,2002
"435","San Miguel",624,2002
"436","Sedgwick",179,2002
"437","Summit",2525,2002
"438","Teller",2161,2002
"439","Washington",249,2002
"440","Weld",16276,2002
"441","Yuma",448,2002
"442","Adams",32789,2003
"443","Alamosa",898,2003
"444","Arapahoe",44921,2003
"445","Archuleta",855,2003
"446","Baca",114,2003
"447","Bent",273,2003
"448","Boulder",16901,2003
"449","Broomfield",5294,2003
"450","Chaffee",1056,2003
"451","Cheyenne",88,2003
"452","Clear Creek",834,2003
"453","Conejos",265,2003
"454","Costilla",169,2003
"455","Crowley",224,2003
"456","Custer",350,2003
"457","Delta",1671,2003
"458","Denver",43896,2003
"459","Dolores",122,2003
"460","Douglas",23934,2003
"461","Eagle",3651,2003
"462","Elbert",1464,2003
"463","El Paso",36952,2003
"464","Fremont",2298,2003
"465","Garfield",2736,2003
"466","Gilpin",485,2003
"467","Grand",1063,2003
"468","Gunnison",973,2003
"469","Hinsdale",60,2003
"470","Huerfano",320,2003
"471","Jackson",101,2003
"472","Jefferson",33769,2003
"473","Kiowa",69,2003
"474","Kit Carson",333,2003
"475","Lake",380,2003
"476","La Plata",2704,2003
"477","Larimer",15770,2003
"478","Las Animas",810,2003
"479","Lincoln",241,2003
"480","Logan",947,2003
"481","Mesa",6671,2003
"482","Mineral",54,2003
"483","Moffat",805,2003
"484","Montezuma",1409,2003
"485","Montrose",1995,2003
"486","Morgan",1357,2003
"487","Otero",779,2003
"488","Ouray",324,2003
"489","Park",1628,2003
"490","Phillips",220,2003
"491","Pitkin",1003,2003
"492","Prowers",516,2003
"493","Pueblo",5574,2003
"494","Rio Blanco",394,2003
"495","Rio Grande",925,2003
"496","Routt",1421,2003
"497","Saguache",210,2003
"498","San Juan",53,2003
"499","San Miguel",512,2003
"500","Sedgwick",134,2003
"501","Summit",2428,2003
"502","Teller",1964,2003
"503","Washington",207,2003
"504","Weld",14113,2003
"505","Yuma",434,2003
"506","Adams",31941,2004
"507","Alamosa",860,2004
"508","Arapahoe",43066,2004
"509","Archuleta",807,2004
"510","Baca",154,2004
"511","Bent",277,2004
"512","Boulder",16938,2004
"513","Broomfield",4966,2004
"514","Chaffee",1075,2004
"515","Cheyenne",100,2004
"516","Clear Creek",769,2004
"517","Conejos",282,2004
"518","Costilla",175,2004
"519","Crowley",255,2004
"520","Custer",328,2004
"521","Delta",1721,2004
"522","Denver",42668,2004
"523","Dolores",120,2004
"524","Douglas",24841,2004
"525","Eagle",3406,2004
"526","Elbert",1435,2004
"527","El Paso",35806,2004
"528","Fremont",2051,2004
"529","Garfield",2682,2004
"530","Gilpin",408,2004
"531","Grand",1041,2004
"532","Gunnison",982,2004
"533","Hinsdale",74,2004
"534","Huerfano",350,2004
"535","Jackson",116,2004
"536","Jefferson",32094,2004
"537","Kiowa",83,2004
"538","Kit Carson",307,2004
"539","Lake",441,2004
"540","La Plata",2809,2004
"541","Larimer",15087,2004
"542","Las Animas",769,2004
"543","Lincoln",179,2004
"544","Logan",903,2004
"545","Mesa",6632,2004
"546","Mineral",80,2004
"547","Moffat",737,2004
"548","Montezuma",1392,2004
"549","Montrose",2238,2004
"550","Morgan",1224,2004
"551","Otero",708,2004
"552","Ouray",318,2004
"553","Park",1606,2004
"554","Phillips",219,2004
"555","Pitkin",876,2004
"556","Prowers",542,2004
"557","Pueblo",5177,2004
"558","Rio Blanco",418,2004
"559","Rio Grande",798,2004
"560","Routt",1355,2004
"561","Saguache",238,2004
"562","San Juan",55,2004
"563","San Miguel",508,2004
"564","Sedgwick",112,2004
"565","Summit",2332,2004
"566","Teller",1653,2004
"567","Washington",189,2004
"568","Weld",13974,2004
"569","Yuma",406,2004
"570","Adams",33087,2005
"571","Alamosa",909,2005
"572","Arapahoe",41568,2005
"573","Archuleta",855,2005
"574","Baca",147,2005
"575","Bent",255,2005
"576","Boulder",16330,2005
"577","Broomfield",5480,2005
"578","Chaffee",1024,2005
"579","Cheyenne",96,2005
"580","Clear Creek",716,2005
"581","Conejos",327,2005
"582","Costilla",154,2005
"583","Crowley",189,2005
"584","Custer",313,2005
"585","Delta",1528,2005
"586","Denver",42517,2005
"587","Dolores",124,2005
"588","Douglas",24818,2005
"589","Eagle",3314,2005
"590","Elbert",1693,2005
"591","El Paso",39985,2005
"592","Fremont",2289,2005
"593","Garfield",3178,2005
"594","Gilpin",424,2005
"595","Grand",871,2005
"596","Gunnison",993,2005
"597","Hinsdale",43,2005
"598","Huerfano",364,2005
"599","Jackson",124,2005
"600","Jefferson",32726,2005
"601","Kiowa",103,2005
"602","Kit Carson",351,2005
"603","Lake",445,2005
"604","La Plata",2963,2005
"605","Larimer",15552,2005
"606","Las Animas",779,2005
"607","Lincoln",228,2005
"608","Logan",814,2005
"609","Mesa",6633,2005
"610","Mineral",45,2005
"611","Moffat",702,2005
"612","Montezuma",1335,2005
"613","Montrose",2289,2005
"614","Morgan",1138,2005
"615","Otero",752,2005
"616","Ouray",306,2005
"617","Park",1315,2005
"618","Phillips",204,2005
"619","Pitkin",1158,2005
"620","Prowers",485,2005
"621","Pueblo",5561,2005
"622","Rio Blanco",439,2005
"623","Rio Grande",738,2005
"624","Routt",1452,2005
"625","Saguache",258,2005
"626","San Juan",49,2005
"627","San Miguel",517,2005
"628","Sedgwick",107,2005
"629","Summit",2128,2005
"630","Teller",2118,2005
"631","Washington",219,2005
"632","Weld",15791,2005
"633","Yuma",487,2005
"634","Adams",33415,2006
"635","Alamosa",849,2006
"636","Arapahoe",42358,2006
"637","Archuleta",960,2006
"638","Bacao",136,2006
"639","Bento",240,2006
"640","Boulder",16870,2006
"641","Broomfield",6112,2006
"642","Chaffee",1077,2006
"643","Cheyenne",89,2006
"644","Clear Creek",647,2006
"645","Conejos",318,2006
"646","Costilla",167,2006
"647","Crowley",222,2006
"648","Custer",313,2006
"649","Delta",1791,2006
"650","Denver",44666,2006
"651","Dolores",202,2006
"652","Douglas",26286,2006
"653","Eagle",3367,2006
"654","Elbert",1723,2006
"655","El Paso",40700,2006
"656","Fremont",2254,2006
"657","Garfield",3733,2006
"658","Gilpin",414,2006
"659","Grand",1067,2006
"660","Gunnison",1048,2006
"661","Hinsdale",66,2006
"662","Huerfano",438,2006
"663","Jackson",90,2006
"664","Jefferson",33512,2006
"665","Kiowa",76,2006
"666","Kit Carson",316,2006
"667","Lakeo",458,2006
"668","La Plata",2991,2006
"669","Larimer",16162,2006
"670","Las Animas",844,2006
"671","Lincoln",244,2006
"672","Logan",946,2006
"673","Mesao",8210,2006
"674","Mineral",43,2006
"675","Moffat",931,2006
"676","Montezuma",1546,2006
"677","Montrose",2491,2006
"678","Morgan",1227,2006
"679","Otero",780,2006
"680","Ouray",310,2006
"681","Parko",1275,2006
"682","Phillips",200,2006
"683","Pitkin",1060,2006
"684","Prowers",492,2006
"685","Pueblo",5995,2006
"686","Rio Blanco",539,2006
"687","Rio Grande",614,2006
"688","Routt",1435,2006
"689","Saguache",164,2006
"690","San Juan",59,2006
"691","San Miguel",463,2006
"692","Sedgwick",103,2006
"693","Summit",2314,2006
"694","Teller",2027,2006
"695","Washington",268,2006
"696","Weldo",15846,2006
"697","Yumao",497,2006
"698","Adams",32524,2007
"699","Alamosa",923,2007
"700","Arapahoe",42300,2007
"701","Archuleta",833,2007
"702","Baca",156,2007
"703","Bent",151,2007
"704","Boulder",16780,2007
"705","Broomfield",6369,2007
"706","Chaffee",1143,2007
"707","Cheyenne",75,2007
"708","Clear Creek",678,2007
"709","Conejos",292,2007
"710","Costilla",165,2007
"711","Crowley",193,2007
"712","Custer",370,2007
"713","Delta",1664,2007
"714","Denver",45183,2007
"715","Dolores",145,2007
"716","Douglas",24254,2007
"717","Eagle",3629,2007
"718","Elbert",1440,2007
"719","El Paso",37569,2007
"720","Fremont",2057,2007
"721","Garfield",3762,2007
"722","Gilpin",441,2007
"723","Grand",1005,2007
"724","Gunnison",1036,2007
"725","Hinsdale",65,2007
"726","Huerfano",363,2007
"727","Jackson",94,2007
"728","Jefferson",32645,2007
"729","Kiowa",73,2007
"730","Kit Carson",304,2007
"731","Lake",489,2007
"732","La Plata",2835,2007
"733","Larimer",16094,2007
"734","Las Animas",797,2007
"735","Lincoln",267,2007
"736","Logan",851,2007
"737","Mesa",8327,2007
"738","Mineral",50,2007
"739","Moffat",934,2007
"740","Montezuma",1401,2007
"741","Montrose",2626,2007
"742","Morgan",1107,2007
"743","Otero",741,2007
"744","Ouray",402,2007
"745","Park",1281,2007
"746","Phillips",188,2007
"747","Pitkin",1086,2007
"748","Prowers",467,2007
"749","Pueblo",6504,2007
"750","Rio Blanco",541,2007
"751","Rio Grande",650,2007
"752","Routt",1593,2007
"753","Saguache",240,2007
"754","San Juan",39,2007
"755","San Miguel",567,2007
"756","Sedgwick",105,2007
"757","Summit",2297,2007
"758","Teller",1918,2007
"759","Washington",235,2007
"760","Weld",15353,2007
"761","Yuma",506,2007
"762","Adams",34786,2008
"763","Alamosa",959,2008
"764","Arapahoe",44952,2008
"765","Archuleta",697,2008
"766","Baca",168,2008
"767","Bent",230,2008
"768","Boulder",17236,2008
"769","Broomfield",9652,2008
"770","Chaffee",1100,2008
"771","Cheyenne",129,2008
"772","Clear Creek",636,2008
"773","Conejos",321,2008
"774","Costilla",155,2008
"775","Crowley",209,2008
"776","Custer",287,2008
"777","Delta",1759,2008
"778","Denver",50477,2008
"779","Dolores",139,2008
"780","Douglas",23577,2008
"781","Eagle",3665,2008
"782","Elbert",1701,2008
"783","El Paso",39312,2008
"784","Fremont",2088,2008
"785","Garfield",4303,2008
"786","Gilpin",382,2008
"787","Grand",1006,2008
"788","Gunnison",987,2008
"789","Hinsdale",54,2008
"790","Huerfano",437,2008
"791","Jackson",109,2008
"792","Jefferson",32452,2008
"793","Kiowa",52,2008
"794","Kit Carson",319,2008
"795","Lake",512,2008
"796","La Plata",2933,2008
"797","Larimer",16768,2008
"798","Las Animas",797,2008
"799","Lincoln",276,2008
"800","Logan",926,2008
"801","Mesa",8571,2008
"802","Mineral",60,2008
"803","Moffat",874,2008
"804","Montezuma",1425,2008
"805","Montrose",2465,2008
"806","Morgan",1292,2008
"807","Otero",811,2008
"808","Ouray",405,2008
"809","Park",1162,2008
"810","Phillips",232,2008
"811","Pitkin",1231,2008
"812","Prowers",577,2008
"813","Pueblo",6066,2008
"814","Rio Blanco",606,2008
"815","Rio Grande",787,2008
"816","Routt",1757,2008
"817","Saguache",262,2008
"818","San Juan",46,2008
"819","San Miguel",481,2008
"820","Sedgwick",148,2008
"821","Summit",2345,2008
"822","Teller",1736,2008
"823","Washington",239,2008
"824","Weld",15958,2008
"825","Yuma",521,2008
"826","Adams",34334,2010
"827","Alamosa",932,2010
"828","Arapahoe",45258,2010
"829","Archuleta",558,2010
"830","Baca",173,2010
"831","Bent",238,2010
"832","Boulder",15530,2010
"833","Broomfield",8923,2010
"834","Chaffee",847,2010
"835","Cheyenne",102,2010
"836","Clear Creek",580,2010
"837","Conejos",344,2010
"838","Costilla",209,2010
"839","Crowley",215,2010
"840","Custer",303,2010
"841","Delta",1303,2010
"842","Denver",52959,2010
"843","Dolores",67,2010
"844","Douglas",19984,2010
"845","Eagle",2961,2010
"846","Elbert",1425,2010
"847","El Paso",46568,2010
"848","Fremont",1886,2010
"849","Garfield",2722,2010
"850","Gilpin",462,2010
"851","Grand",794,2010
"852","Gunnison",820,2010
"853","Hinsdale",45,2010
"854","Huerfano",322,2010
"855","Jackson",65,2010
"856","Jefferson",31193,2010
"857","Kiowa",88,2010
"858","Kit Carson",346,2010
"859","Lake",365,2010
"860","La Plata",2420,2010
"861","Larimer",14757,2010
"862","Las Animas",567,2010
"863","Lincoln",268,2010
"864","Logan",798,2010
"865","Mesa",5507,2010
"866","Mineral",38,2010
"867","Moffat",733,2010
"868","Montezuma",1188,2010
"869","Montrose",1766,2010
"870","Morgan",1230,2010
"871","Otero",751,2010
"872","Ouray",334,2010
"873","Park",1073,2010
"874","Phillips",237,2010
"875","Pitkin",1055,2010
"876","Prowers",553,2010
"877","Pueblo",5425,2010
"878","Rio Blanco",427,2010
"879","Rio Grande",694,2010
"880","Routt",1237,2010
"881","Saguache",208,2010
"882","San Juan",71,2010
"883","San Miguel",461,2010
"884","Sedgwick",130,2010
"885","Summit",2177,2010
"886","Teller",1751,2010
"887","Washington",238,2010
"888","Weld",14885,2010
"889","Yuma",480,2010
"890","Adams",33710,2011
"891","Alamosa",860,2011
"892","Arapahoe",45351,2011
"893","Archuleta",604,2011
"894","Baca",131,2011
"895","Bent",194,2011
"896","Boulder",16308,2011
"897","Broomfield",9378,2011
"898","Chaffee",968,2011
"899","Cheyenne",142,2011
"900","Clear Creek",588,2011
"901","Conejos",302,2011
"902","Costilla",217,2011
"903","Crowley",209,2011
"904","Custer",253,2011
"905","Delta",1188,2011
"906","Denver",54374,2011
"907","Dolores",99,2011
"908","Douglas",20324,2011
"909","Eagle",2851,2011
"910","Elbert",1537,2011
"911","El Paso",43285,2011
"912","Fremont",1987,2011
"913","Garfield",2874,2011
"914","Gilpin",389,2011
"915","Grand",736,2011
"916","Gunnison",768,2011
"917","Hinsdale",49,2011
"918","Huerfano",303,2011
"919","Jackson",83,2011
"920","Jefferson",31448,2011
"921","Kiowa",81,2011
"922","Kit Carson",405,2011
"923","Lake",461,2011
"924","La Plata",2653,2011
"925","Larimer",15566,2011
"926","Las Animas",534,2011
"927","Lincoln",245,2011
"928","Logan",766,2011
"929","Mesa",6081,2011
"930","Mineral",40,2011
"931","Moffat",600,2011
"932","Montezuma",1148,2011
"933","Montrose",1719,2011
"934","Morgan",1190,2011
"935","Otero",776,2011
"936","Ouray",278,2011
"937","Park",1015,2011
"938","Phillips",203,2011
"939","Pitkin",918,2011
"940","Prowers",563,2011
"941","Pueblo",5462,2011
"942","Rio Blanco",465,2011
"943","Rio Grande",668,2011
"944","Routt",1167,2011
"945","Saguache",255,2011
"946","San Juan",36,2011
"947","San Miguel",516,2011
"948","Sedgwick",123,2011
"949","Summit",2154,2011
"950","Teller",1654,2011
"951","Washington",211,2011
"952","Weld",15089,2011
"953","Yuma",486,2011
"954","Adams",39542,2012
"955","Alamosa",958,2012
"956","Arapahoe",52225,2012
"957","Archuleta",882,2012
"958","Baca",87,2012
"959","Bent",256,2012
"960","Boulder",18713,2012
"961","Broomfield",10399,2012
"962","Chaffee",1268,2012
"963","Cheyenne",113,2012
"964","Clear Creek",750,2012
"965","Conejos",289,2012
"966","Costilla",181,2012
"967","Crowley",163,2012
"968","Custer",320,2012
"969","Delta",1689,2012
"970","Denver",58642,2012
"971","Dolores",88,2012
"972","Douglas",24917,2012
"973","Eagle",3613,2012
"974","Elbert",2350,2012
"975","El Paso",46356,2012
"976","Fremont",2098,2012
"977","Garfield",3698,2012
"978","Gilpin",526,2012
"979","Grand",909,2012
"980","Gunnison",940,2012
"981","Hinsdale",47,2012
"982","Huerfano",453,2012
"983","Jackson",72,2012
"984","Jefferson",37328,2012
"985","Kiowa",80,2012
"986","Kit Carson",407,2012
"987","Lake",436,2012
"988","La Plata",3334,2012
"989","Larimer",17957,2012
"990","Las Animas",691,2012
"991","Lincoln",284,2012
"992","Logan",877,2012
"993","Mesa",6577,2012
"994","Mineral",44,2012
"995","Moffat",651,2012
"996","Montezuma",1491,2012
"997","Montrose",2205,2012
"998","Morgan",1352,2012
"999","Otero",751,2012
"1000","Ouray",432,2012
"1001","Park",1390,2012
"1002","Phillips",221,2012
"1003","Pitkin",1315,2012
"1004","Prowers",601,2012
"1005","Pueblo",5640,2012
"1006","Rio Blanco",451,2012
"1007","Rio Grande",821,2012
"1008","Routt",1542,2012
"1009","Saguache",339,2012
"1010","San Juan",41,2012
"1011","San Miguel",520,2012
"1012","Sedgwick",154,2012
"1013","Summit",2464,2012
"1014","Teller",2031,2012
"1015","Washington",245,2012
"1016","Weld",17667,2012
"1017","Yuma",411,2012
"1018","Adams",41759,2013
"1019","Alamosa",982,2013
"1020","Arapahoe",56708,2013
"1021","Archuleta",892,2013
"1022","Baca",165,2013
"1023","Bent",150,2013
"1024","Boulder",20089,2013
"1025","Broomfield",11843,2013
"1026","Chaffee",1234,2013
"1027","Cheyenne",132,2013
"1028","Clear Creek",728,2013
"1029","Conejos",308,2013
"1030","Costilla",178,2013
"1031","Crowley",158,2013
"1032","Custer",387,2013
"1033","Delta",1581,2013
"1034","Denver",61579,2013
"1035","Dolores",85,2013
"1036","Douglas",28814,2013
"1037","Eagle",3623,2013
"1038","Elbert",2324,2013
"1039","El Paso",50624,2013
"1040","Fremont",2155,2013
"1041","Garfield",3412,2013
"1042","Gilpin",562,2013
"1043","Grand",1105,2013
"1044","Gunnison",967,2013
"1045","Hinsdale",42,2013
"1046","Huerfano",386,2013
"1047","Jackson",107,2013
"1048","Jefferson",40542,2013
"1049","Kiowa",51,2013
"1050","Kit Carson",383,2013
"1051","Lake",575,2013
"1052","La Plata",3262,2013
"1053","Larimer",20123,2013
"1054","Las Animas",581,2013
"1055","Lincoln",326,2013
"1056","Logan",915,2013
"1057","Mesa",7049,2013
"1058","Mineral",51,2013
"1059","Moffat",708,2013
"1060","Montezuma",1473,2013
"1061","Montrose",2309,2013
"1062","Morgan",1482,2013
"1063","Otero",780,2013
"1064","Ouray",392,2013
"1065","Park",1471,2013
"1066","Phillips",320,2013
"1067","Pitkin",1310,2013
"1068","Prowers",482,2013
"1069","Pueblo",6311,2013
"1070","Rio Blanco",504,2013
"1071","Rio Grande",801,2013
"1072","Routt",1724,2013
"1073","Saguache",346,2013
"1074","San Juan",27,2013
"1075","San Miguel",587,2013
"1076","Sedgwick",111,2013
"1077","Summit",2544,2013
"1078","Teller",2323,2013
"1079","Washington",301,2013
"1080","Weld",19466,2013
"1081","Yuma",579,2013
"1082","Adams",39429,2014
"1083","Alamosa",940,2014
"1084","Arapahoe",52357,2014
"1085","Archuleta",759,2014
"1086","Baca",55,2014
"1087","Bent",163,2014
"1088","Boulder",18596,2014
"1089","Broomfield",7671,2014
"1090","Chaffee",1064,2014
"1091","Cheyenne",45,2014
"1092","Clear Creek",799,2014
"1093","Conejos",271,2014
"1094","Costilla",136,2014
"1095","Crowley",117,2014
"1096","Custer",329,2014
"1097","Delta",1461,2014
"1098","Denver",60525,2014
"1099","Dolores",38,2014
"1100","Douglas",26747,2014
"1101","Eagle",3207,2014
"1102","Elbert",2170,2014
"1103","El Paso",49886,2014
"1104","Fremont",2177,2014
"1105","Garfield",3427,2014
"1106","Gilpin",560,2014
"1107","Grand",1114,2014
"1108","Gunnison",1025,2014
"1109","Hinsdale",NA,2014
"1110","Huerfano",360,2014
"1111","Jackson",50,2014
"1112","Jefferson",39765,2014
"1113","Kiowa",NA,2014
"1114","Kit Carson",342,2014
"1115","Lake",512,2014
"1116","La Plata",3097,2014
"1117","Larimer",20329,2014
"1118","Las Animas",702,2014
"1119","Lincoln",262,2014
"1120","Logan",886,2014
"1121","Mesa",6562,2014
"1122","Mineral",NA,2014
"1123","Moffat",709,2014
"1124","Montezuma",1409,2014
"1125","Montrose",1965,2014
"1126","Morgan",1321,2014
"1127","Otero",739,2014
"1128","Ouray",329,2014
"1129","Park",1370,2014
"1130","Phillips",160,2014
"1131","Pitkin",1310,2014
"1132","Prowers",427,2014
"1133","Pueblo",6214,2014
"1134","Rio Blanco",340,2014
"1135","Rio Grande",567,2014
"1136","Routt",1508,2014
"1137","Saguache",265,2014
"1138","San Juan",NA,2014
"1139","San Miguel",562,2014
"1140","Sedgwick",111,2014
"1141","Summit",2363,2014
"1142","Teller",1992,2014
"1143","Washington",186,2014
"1144","Weld",20306,2014
"1145","Yuma",431,2014
"1146","Adams",30946,2015
"1147","Alamosa",715,2015
"1148","Arapahoe",39702,2015
"1149","Archuleta",613,2015
"1150","Baca",59,2015
"1151","Bent",143,2015
"1152","Boulder",14253,2015
"1153","Broomfield",5882,2015
"1154","Chaffee",859,2015
"1155","Cheyenne",NA,2015
"1156","Clear Creek",538,2015
"1157","Conejos",130,2015
"1158","Costilla",103,2015
"1159","Crowley",80,2015
"1160","Custer",225,2015
"1161","Delta",1179,2015
"1162","Denver",47394,2015
"1163","Dolores",NA,2015
"1164","Douglas",17387,2015
"1165","Eagle",2804,2015
"1166","Elbert",1588,2015
"1167","El Paso",35159,2015
"1168","Fremont",1600,2015
"1169","Garfield",2570,2015
"1170","Gilpin",288,2015
"1171","Grand",891,2015
"1172","Gunnison",805,2015
"1173","Hinsdale",NA,2015
"1174","Huerfano",242,2015
"1175","Jackson",46,2015
"1176","Jefferson",29400,2015
"1177","Kiowa",NA,2015
"1178","Kit Carson",234,2015
"1179","Lake",460,2015
"1180","La Plata",2379,2015
"1181","Larimer",14824,2015
"1182","Las Animas",520,2015
"1183","Lincoln",142,2015
"1184","Logan",707,2015
"1185","Mesa",4683,2015
"1186","Mineral",NA,2015
"1187","Moffat",513,2015
"1188","Montezuma",1164,2015
"1189","Montrose",1684,2015
"1190","Morgan",1085,2015
"1191","Otero",596,2015
"1192","Ouray",287,2015
"1193","Park",970,2015
"1194","Phillips",115,2015
"1195","Pitkin",994,2015
"1196","Prowers",359,2015
"1197","Pueblo",4767,2015
"1198","Rio Blanco",214,2015
"1199","Rio Grande",480,2015
"1200","Routt",1269,2015
"1201","Saguache",199,2015
"1202","San Juan",NA,2015
"1203","San Miguel",504,2015
"1204","Sedgwick",103,2015
"1205","Summit",2112,2015
"1206","Teller",1405,2015
"1207","Washington",169,2015
"1208","Weld",14910,2015
"1209","Yuma",214,2015
"1210","Adams",41780,2016
"1211","Alamosa",1054,2016
"1212","Arapahoe",55283,2016
"1213","Archuleta",1072,2016
"1214","Baca",59,2016
"1215","Bent",149,2016
"1216","Boulder",20451,2016
"1217","Broomfield",8737,2016
"1218","Chaffee",1384,2016
"1219","Cheyenne",NA,2016
"1220","Clear Creek",781,2016
"1221","Conejos",272,2016
"1222","Costilla",185,2016
"1223","Crowley",121,2016
"1224","Custer",472,2016
"1225","Delta",1899,2016
"1226","Denver",63545,2016
"1227","Dolores",98,2016
"1228","Douglas",28058,2016
"1229","Eagle",3537,2016
"1230","Elbert",2246,2016
"1231","El Paso",53811,2016
"1232","Fremont",2519,2016
"1233","Garfield",3535,2016
"1234","Gilpin",544,2016
"1235","Grand",1248,2016
"1236","Gunnison",1026,2016
"1237","Hinsdale",NA,2016
"1238","Huerfano",447,2016
"1239","Jackson",67,2016
"1240","Jefferson",43910,2016
"1241","Kiowa",NA,2016
"1242","Kit Carson",348,2016
"1243","Lake",620,2016
"1244","La Plata",3172,2016
"1245","Larimer",21046,2016
"1246","Las Animas",774,2016
"1247","Lincoln",256,2016
"1248","Logan",879,2016
"1249","Mesa",6779,2016
"1250","Mineral",NA,2016
"1251","Moffat",874,2016
"1252","Montezuma",1655,2016
"1253","Montrose",2397,2016
"1254","Morgan",1370,2016
"1255","Otero",838,2016
"1256","Ouray",471,2016
"1257","Park",1730,2016
"1258","Phillips",125,2016
"1259","Pitkin",1205,2016
"1260","Prowers",568,2016
"1261","Pueblo",6775,2016
"1262","Rio Blanco",318,2016
"1263","Rio Grande",758,2016
"1264","Routt",1734,2016
"1265","Saguache",340,2016
"1266","San Juan",NA,2016
"1267","San Miguel",595,2016
"1268","Sedgwick",132,2016
"1269","Summit",2513,2016
"1270","Teller",2439,2016
"1271","Washington",192,2016
"1272","Weld",23491,2016
"1273","Yuma",432,2016
"1274","Adams",53283,2017
"1275","Alamosa",1190,2017
"1276","Arapahoe",72961,2017
"1277","Archuleta",1515,2017
"1278","Baca",99,2017
"1279","Bent",295,2017
"1280","Boulder",27109,2017
"1281","Broomfield",12203,2017
"1282","Chaffee",1953,2017
"1283","Cheyenne",87,2017
"1284","Clear Creek",1204,2017
"1285","Conejos",398,2017
"1286","Costilla",302,2017
"1287","Crowley",204,2017
"1288","Custer",726,2017
"1289","Delta",2729,2017
"1290","Denver",79505,2017
"1291","Dolores",108,2017
"1292","Douglas",41209,2017
"1293","Eagle",4102,2017
"1294","Elbert",3558,2017
"1295","El Paso",75938,2017
"1296","Fremont",3579,2017
"1297","Garfield",4145,2017
"1298","Gilpin",690,2017
"1299","Grand",1643,2017
"1300","Gunnison",1470,2017
"1301","Hinsdale",46,2017
"1302","Huerfano",629,2017
"1303","Jackson",81,2017
"1304","Jefferson",57913,2017
"1305","Kiowa",60,2017
"1306","Kit Carson",478,2017
"1307","Lake",775,2017
"1308","La Plata",4323,2017
"1309","Larimer",30174,2017
"1310","Las Animas",1075,2017
"1311","Lincoln",375,2017
"1312","Logan",1218,2017
"1313","Mesa",10054,2017
"1314","Mineral",NA,2017
"1315","Moffat",989,2017
"1316","Montezuma",1844,2017
"1317","Montrose",3457,2017
"1318","Morgan",1975,2017
"1319","Otero",1108,2017
"1320","Ouray",575,2017
"1321","Park",2524,2017
"1322","Phillips",268,2017
"1323","Pitkin",1435,2017
"1324","Prowers",655,2017
"1325","Pueblo",9336,2017
"1326","Rio Blanco",494,2017
"1327","Rio Grande",983,2017
"1328","Routt",2261,2017
"1329","Saguache",540,2017
"1330","San Juan",35,2017
"1331","San Miguel",685,2017
"1332","Sedgwick",129,2017
"1333","Summit",2968,2017
"1334","Teller",3825,2017
"1335","Washington",232,2017
"1336","Weld",32177,2017
"1337","Yuma",527,2017
"1338","Adams",40653,2018
"1339","Alamosa",1086,2018
"1340","Arapahoe",55417,2018
"1341","Archuleta",1084,2018
"1342","Baca",116,2018
"1343","Bent",221,2018
"1344","Boulder",20542,2018
"1345","Broomfield",8617,2018
"1346","Chaffee",1527,2018
"1347","Cheyenne",NA,2018
"1348","Clear Creek",772,2018
"1349","Conejos",264,2018
"1350","Costilla",125,2018
"1351","Crowley",168,2018
"1352","Custer",447,2018
"1353","Delta",1739,2018
"1354","Denver",64883,2018
"1355","Dolores",77,2018
"1356","Douglas",30602,2018
"1357","Eagle",3297,2018
"1358","Elbert",2475,2018
"1359","El Paso",55497,2018
"1360","Fremont",2519,2018
"1361","Garfield",3397,2018
"1362","Gilpin",564,2018
"1363","Grand",1312,2018
"1364","Gunnison",1081,2018
"1365","Hinsdale",NA,2018
"1366","Huerfano",547,2018
"1367","Jackson",42,2018
"1368","Jefferson",43552,2018
"1369","Kiowa",67,2018
"1370","Kit Carson",407,2018
"1371","Lake",671,2018
"1372","La Plata",3256,2018
"1373","Larimer",22795,2018
"1374","Las Animas",769,2018
"1375","Lincoln",204,2018
"1376","Logan",925,2018
"1377","Mesa",7497,2018
"1378","Mineral",41,2018
"1379","Moffat",780,2018
"1380","Montezuma",1498,2018
"1381","Montrose",2518,2018
"1382","Morgan",1620,2018
"1383","Otero",736,2018
"1384","Ouray",487,2018
"1385","Park",1737,2018
"1386","Phillips",180,2018
"1387","Pitkin",1200,2018
"1388","Prowers",439,2018
"1389","Pueblo",7144,2018
"1390","Rio Blanco",341,2018
"1391","Rio Grande",739,2018
"1392","Routt",1693,2018
"1393","Saguache",470,2018
"1394","San Juan",33,2018
"1395","San Miguel",577,2018
"1396","Sedgwick",120,2018
"1397","Summit",2479,2018
"1398","Teller",2455,2018
"1399","Washington",213,2018
"1400","Weld",23347,2018
"1401","Yuma",412,2018
"1402","Adams",38770,2019
"1403","Alamosa",870,2019
"1404","Arapahoe",52702,2019
"1405","Archuleta",979,2019
"1406","Baca",47,2019
"1407","Bent",166,2019
"1408","Boulder",20115,2019
"1409","Broomfield",8815,2019
"1410","Chaffee",1420,2019
"1411","Cheyenne",51,2019
"1412","Clear Creek",800,2019
"1413","Conejos",266,2019
"1414","Costilla",153,2019
"1415","Crowley",143,2019
"1416","Custer",456,2019
"1417","Delta",1708,2019
"1418","Denver",63416,2019
"1419","Dolores",51,2019
"1420","Douglas",29905,2019
"1421","Eagle",3145,2019
"1422","Elbert",2342,2019
"1423","El Paso",51251,2019
"1424","Fremont",2403,2019
"1425","Garfield",3074,2019
"1426","Gilpin",447,2019
"1427","Grand",1148,2019
"1428","Gunnison",1025,2019
"1429","Huerfano",436,2019
"1430","Jackson",51,2019
"1431","Jefferson",41703,2019
"1432","Kit Carson",268,2019
"1433","Lake",561,2019
"1434","La Plata",3075,2019
"1435","Larimer",21185,2019
"1436","Las Animas",738,2019
"1437","Lincoln",247,2019
"1438","Logan",950,2019
"1439","Mesa",6599,2019
"1440","Moffat",685,2019
"1441","Montezuma",1334,2019
"1442","Montrose",2286,2019
"1443","Morgan",1475,2019
"1444","Otero",706,2019
"1445","Ouray",433,2019
"1446","Park",1500,2019
"1447","Phillips",175,2019
"1448","Pitkin",1150,2019
"1449","Prowers",410,2019
"1450","Pueblo",6846,2019
"1451","Rio Blanco",364,2019
"1452","Rio Grande",724,2019
"1453","Routt",1462,2019
"1454","Saguache",345,2019
"1455","San Juan",25,2019
"1456","San Miguel",521,2019
"1457","Sedgwick",59,2019
"1458","Summit",2330,2019
"1459","Teller",2358,2019
"1460","Washington",206,2019
"1461","Weld",22908,2019
"1462","Yuma",350,2019
"1463","Adams",41271,2020
"1464","Alamosa",1017,2020
"1465","Arapahoe",56468,2020
"1466","Archuleta",1234,2020
"1467","Baca",58,2020
"1468","Bent",210,2020
"1469","Boulder",21242,2020
"1470","Broomfield",9408,2020
"1471","Chaffee",1831,2020
"1472","Cheyenne",54,2020
"1473","Clear Creek",932,2020
"1474","Conejos",294,2020
"1475","Costilla",208,2020
"1476","Crowley",162,2020
"1477","Custer",581,2020
"1478","Delta",1889,2020
"1479","Denver",65780,2020
"1480","Dolores",152,2020
"1481","Douglas",34654,2020
"1482","Eagle",3487,2020
"1483","Elbert",3013,2020
"1484","El Paso",57246,2020
"1485","Fremont",2879,2020
"1486","Garfield",3568,2020
"1487","Gilpin",528,2020
"1488","Grand",1370,2020
"1489","Gunnison",1227,2020
"1490","Hinsdale",34,2020
"1491","Huerfano",517,2020
"1492","Jackson",45,2020
"1493","Jefferson",45108,2020
"1494","Kiowa",59,2020
"1495","Kit Carson",320,2020
"1496","Lake",600,2020
"1497","La Plata",3703,2020
"1498","Larimer",23912,2020
"1499","Las Animas",864,2020
"1500","Lincoln",249,2020
"1501","Logan",1077,2020
"1502","Mesa",7632,2020
"1503","Mineral",32,2020
"1504","Moffat",827,2020
"1505","Montezuma",1541,2020
"1506","Montrose",2737,2020
"1507","Morgan",1512,2020
"1508","Otero",752,2020
"1509","Ouray",593,2020
"1510","Park",1926,2020
"1511","Phillips",213,2020
"1512","Pitkin",1419,2020
"1513","Prowers",496,2020
"1514","Pueblo",7860,2020
"1515","Rio Blanco",332,2020
"1516","Rio Grande",774,2020
"1517","Routt",2041,2020
"1518","Saguache",456,2020
"1519","San Juan",37,2020
"1520","San Miguel",586,2020
"1521","Sedgwick",136,2020
"1522","Summit",2833,2020
"1523","Teller",2884,2020
"1524","Washington",287,2020
"1525","Weld",26012,2020
"1526","Yuma",452,2020
"1527","Adams",40080,2021
"1528","Alamosa",957,2021
"1529","Arapahoe",54121,2021
"1530","Archuleta",1249,2021
"1531","Baca",93,2021
"1532","Bent",287,2021
"1533","Boulder",20491,2021
"1534","Broomfield",8744,2021
"1535","Chaffee",1803,2021
"1536","Cheyenne",43,2021
"1537","Clear Creek",807,2021
"1538","Conejos",329,2021
"1539","Costilla",322,2021
"1540","Crowley",292,2021
"1541","Custer",644,2021
"1542","Delta",2119,2021
"1543","Denver",62958,2021
"1544","Dolores",100,2021
"1545","Douglas",32772,2021
"1546","Eagle",3441,2021
"1547","Elbert",2805,2021
"1548","El Paso",54492,2021
"1549","Fremont",3039,2021
"1550","Garfield",3334,2021
"1551","Gilpin",490,2021
"1552","Grand",1225,2021
"1553","Gunnison",1140,2021
"1554","Huerfano",601,2021
"1555","Jackson",42,2021
"1556","Jefferson",42388,2021
"1557","Kiowa",55,2021
"1558","Kit Carson",366,2021
"1559","Lake",533,2021
"1560","La Plata",3549,2021
"1561","Larimer",24139,2021
"1562","Las Animas",799,2021
"1563","Lincoln",283,2021
"1564","Logan",1038,2021
"1565","Mesa",7243,2021
"1566","Moffat",825,2021
"1567","Montezuma",1593,2021
"1568","Montrose",2819,2021
"1569","Morgan",1464,2021
"1570","Otero",792,2021
"1571","Ouray",470,2021
"1572","Park",1731,2021
"1573","Phillips",203,2021
"1574","Pitkin",1297,2021
"1575","Prowers",459,2021
"1576","Pueblo",7615,2021
"1577","Rio Blanco",411,2021
"1578","Rio Grande",710,2021
"1579","Routt",1801,2021
"1580","Saguache",389,2021
"1581","San Juan",43,2021
"1582","San Miguel",603,2021
"1583","Sedgwick",58,2021
"1584","Summit",2474,2021
"1585","Teller",2455,2021
"1586","Washington",226,2021
"1587","Weld",26428,2021
"1588","Yuma",353,2021
